CHR_ID,ELEVATION,READ_DATE,DATUM_ADJ
01003300,1223.73,1938/10/29,NGVD 29
01003300,1223.99,1938/12/30,NGVD 29
01003300,1224.25,1939/2/27,NGVD 29
01003300,1224.25,1939/3/1,NGVD 29
01003300,1224.27,1939/3/23,NGVD 29
01003300,1224.29,1939/3/27,NGVD 29
01003300,1224.27,1939/4/3,NGVD 29
01003300,1224.29,1939/4/10,NGVD 29
01003300,1224.43,1939/4/27,NGVD 29
01003300,1224.29,1939/5/3,NGVD 29
01003300,1224.39,1939/5/8,NGVD 29
01003300,1224.25,1939/5/29,NGVD 29
01003300,1224.29,1939/6/7,NGVD 29
01003300,1224.33,1939/6/10,NGVD 29
01003300,1224.25,1939/6/19,NGVD 29
01003300,1224.31,1939/6/27,NGVD 29
01003300,1224.29,1939/7/10,NGVD 29
01003300,1224.09,1939/7/24,NGVD 29
01003300,1224.03,1939/8/9,NGVD 29
01003300,1223.85,1939/8/28,NGVD 29
01003300,1223.75,1939/9/8,NGVD 29
01003300,1223.69,1939/9/17,NGVD 29
01003300,1223.57,1939/9/25,NGVD 29
01003300,1223.59,1939/10/11,NGVD 29
01003300,1223.57,1939/10/23,NGVD 29
01003300,1223.49,1939/11/7,NGVD 29
01003300,1223.89,1940/4/28,NGVD 29
01003300,1224.27,1940/5/22,NGVD 29
01003300,1224.29,1940/5/28,NGVD 29
01003300,1223.99,1940/7/2,NGVD 29
01003300,1223.85,1940/7/30,NGVD 29
01003300,1223.71,1940/8/26,NGVD 29
01003300,1223.76,1940/8/30,NGVD 29
01003300,1223.69,1940/10/5,NGVD 29
01003300,1223.69,1940/10/12,NGVD 29
01003300,1223.59,1940/10/19,NGVD 29
01003300,1223.59,1940/10/26,NGVD 29
01003300,1223.75,1940/10/31,NGVD 29
01003300,1223.79,1940/11/2,NGVD 29
01003300,1223.79,1940/11/9,NGVD 29
01003300,1223.79,1940/11/16,NGVD 29
01003300,1223.79,1940/11/23,NGVD 29
01003300,1223.79,1940/11/30,NGVD 29
01003300,1223.79,1940/12/7,NGVD 29
01003300,1223.79,1940/12/14,NGVD 29
01003300,1223.79,1940/12/21,NGVD 29
01003300,1223.79,1940/12/28,NGVD 29
01003300,1223.79,1940/12/30,NGVD 29
01003300,1223.79,1940/12/31,NGVD 29
01003300,1223.79,1941/1/4,NGVD 29
01003300,1223.79,1941/1/11,NGVD 29
01003300,1223.79,1941/1/18,NGVD 29
01003300,1223.79,1941/1/25,NGVD 29
01003300,1223.79,1941/1/31,NGVD 29
01003300,1223.79,1941/2/1,NGVD 29
01003300,1223.79,1941/2/8,NGVD 29
01003300,1223.79,1941/2/15,NGVD 29
01003300,1223.79,1941/2/22,NGVD 29
01003300,1223.89,1941/2/28,NGVD 29
01003300,1223.99,1941/3/8,NGVD 29
01003300,1223.99,1941/3/17,NGVD 29
01003300,1223.99,1941/3/18,NGVD 29
01003300,1223.99,1941/3/19,NGVD 29
01003300,1224.09,1941/3/20,NGVD 29
01003300,1224.09,1941/3/21,NGVD 29
01003300,1224.09,1941/3/22,NGVD 29
01003300,1224.09,1941/3/23,NGVD 29
01003300,1224.09,1941/3/24,NGVD 29
01003300,1224.09,1941/3/25,NGVD 29
01003300,1224.09,1941/3/26,NGVD 29
01003300,1224.09,1941/3/27,NGVD 29
01003300,1224.09,1941/3/28,NGVD 29
01003300,1224.09,1941/3/29,NGVD 29
01003300,1224.09,1941/3/30,NGVD 29
01003300,1224.10,1941/3/31,NGVD 29
01003300,1224.13,1941/4/1,NGVD 29
01003300,1224.13,1941/4/2,NGVD 29
01003300,1224.13,1941/4/3,NGVD 29
01003300,1224.13,1941/4/4,NGVD 29
01003300,1224.13,1941/4/5,NGVD 29
01003300,1224.13,1941/4/6,NGVD 29
01003300,1224.13,1941/4/7,NGVD 29
01003300,1224.19,1941/4/8,NGVD 29
01003300,1224.23,1941/4/9,NGVD 29
01003300,1224.23,1941/4/10,NGVD 29
01003300,1224.45,1941/4/11,NGVD 29
01003300,1224.45,1941/4/12,NGVD 29
01003300,1224.45,1941/4/13,NGVD 29
01003300,1224.59,1941/4/14,NGVD 29
01003300,1224.59,1941/4/15,NGVD 29
01003300,1224.59,1941/4/16,NGVD 29
01003300,1224.59,1941/4/28,NGVD 29
01003300,1224.59,1941/4/29,NGVD 29
01003300,1224.59,1941/4/30,NGVD 29
01003300,1224.59,1941/5/1,NGVD 29
01003300,1224.59,1941/5/2,NGVD 29
01003300,1224.59,1941/5/4,NGVD 29
01003300,1224.59,1941/5/5,NGVD 29
01003300,1224.59,1941/5/6,NGVD 29
01003300,1224.59,1941/5/7,NGVD 29
01003300,1224.59,1941/5/8,NGVD 29
01003300,1224.59,1941/5/9,NGVD 29
01003300,1224.59,1941/5/10,NGVD 29
01003300,1224.59,1941/5/11,NGVD 29
01003300,1224.59,1941/5/12,NGVD 29
01003300,1224.59,1941/5/13,NGVD 29
01003300,1224.59,1941/5/14,NGVD 29
01003300,1224.59,1941/5/15,NGVD 29
01003300,1224.59,1941/5/16,NGVD 29
01003300,1224.59,1941/5/17,NGVD 29
01003300,1224.49,1941/5/18,NGVD 29
01003300,1224.49,1941/5/19,NGVD 29
01003300,1224.49,1941/5/20,NGVD 29
01003300,1224.49,1941/5/21,NGVD 29
01003300,1224.49,1941/5/22,NGVD 29
01003300,1224.49,1941/5/23,NGVD 29
01003300,1224.49,1941/5/24,NGVD 29
01003300,1224.59,1941/5/25,NGVD 29
01003300,1224.59,1941/5/27,NGVD 29
01003300,1224.59,1941/5/28,NGVD 29
01003300,1224.59,1941/5/29,NGVD 29
01003300,1224.59,1941/5/30,NGVD 29
01003300,1224.59,1941/5/31,NGVD 29
01003300,1224.59,1941/6/1,NGVD 29
01003300,1224.59,1941/6/2,NGVD 29
01003300,1224.59,1941/6/4,NGVD 29
01003300,1224.59,1941/6/5,NGVD 29
01003300,1224.69,1941/6/6,NGVD 29
01003300,1224.69,1941/6/7,NGVD 29
01003300,1224.59,1941/6/8,NGVD 29
01003300,1224.59,1941/6/10,NGVD 29
01003300,1224.59,1941/6/11,NGVD 29
01003300,1224.59,1941/6/12,NGVD 29
01003300,1224.73,1941/6/13,NGVD 29
01003300,1224.73,1941/6/14,NGVD 29
01003300,1224.73,1941/6/15,NGVD 29
01003300,1224.69,1941/6/17,NGVD 29
01003300,1224.69,1941/6/18,NGVD 29
01003300,1224.69,1941/6/19,NGVD 29
01003300,1224.69,1941/6/20,NGVD 29
01003300,1224.79,1941/6/21,NGVD 29
01003300,1224.79,1941/6/22,NGVD 29
01003300,1224.79,1941/6/23,NGVD 29
01003300,1224.79,1941/6/24,NGVD 29
01003300,1224.79,1941/6/25,NGVD 29
01003300,1224.69,1941/6/26,NGVD 29
01003300,1224.69,1941/6/28,NGVD 29
01003300,1224.64,1941/6/30,NGVD 29
01003300,1224.59,1941/7/2,NGVD 29
01003300,1224.59,1941/7/3,NGVD 29
01003300,1224.59,1941/7/4,NGVD 29
01003300,1224.59,1941/7/5,NGVD 29
01003300,1224.59,1941/7/6,NGVD 29
01003300,1224.49,1941/7/7,NGVD 29
01003300,1224.49,1941/7/13,NGVD 29
01003300,1224.49,1941/7/14,NGVD 29
01003300,1224.49,1941/7/15,NGVD 29
01003300,1224.49,1941/7/16,NGVD 29
01003300,1224.49,1941/7/17,NGVD 29
01003300,1224.49,1941/7/18,NGVD 29
01003300,1224.49,1941/7/19,NGVD 29
01003300,1224.47,1941/7/20,NGVD 29
01003300,1224.47,1941/7/21,NGVD 29
01003300,1224.47,1941/7/22,NGVD 29
01003300,1224.47,1941/7/24,NGVD 29
01003300,1224.47,1941/7/25,NGVD 29
01003300,1224.47,1941/7/26,NGVD 29
01003300,1224.47,1941/7/27,NGVD 29
01003300,1224.39,1941/7/29,NGVD 29
01003300,1224.39,1941/7/30,NGVD 29
01003300,1224.39,1941/7/31,NGVD 29
01003300,1224.37,1941/8/1,NGVD 29
01003300,1224.37,1941/8/2,NGVD 29
01003300,1224.29,1941/8/3,NGVD 29
01003300,1224.29,1941/8/4,NGVD 29
01003300,1224.29,1941/8/5,NGVD 29
01003300,1224.29,1941/8/6,NGVD 29
01003300,1224.29,1941/8/7,NGVD 29
01003300,1224.29,1941/8/8,NGVD 29
01003300,1224.29,1941/8/9,NGVD 29
01003300,1224.29,1941/8/10,NGVD 29
01003300,1224.29,1941/8/11,NGVD 29
01003300,1224.29,1941/8/14,NGVD 29
01003300,1224.29,1941/8/15,NGVD 29
01003300,1224.29,1941/8/16,NGVD 29
01003300,1224.29,1941/8/24,NGVD 29
01003300,1224.29,1941/8/25,NGVD 29
01003300,1224.23,1941/8/27,NGVD 29
01003300,1224.23,1941/8/28,NGVD 29
01003300,1224.29,1941/8/29,NGVD 29
01003300,1224.39,1941/8/30,NGVD 29
01003300,1224.49,1941/8/31,NGVD 29
01003300,1224.49,1941/9/1,NGVD 29
01003300,1224.49,1941/9/2,NGVD 29
01003300,1224.49,1941/9/3,NGVD 29
01003300,1224.49,1941/9/4,NGVD 29
01003300,1224.49,1941/9/5,NGVD 29
01003300,1224.49,1941/9/6,NGVD 29
01003300,1224.59,1941/9/7,NGVD 29
01003300,1224.59,1941/9/8,NGVD 29
01003300,1224.63,1941/9/9,NGVD 29
01003300,1224.63,1941/9/10,NGVD 29
01003300,1224.63,1941/9/12,NGVD 29
01003300,1224.63,1941/9/13,NGVD 29
01003300,1224.63,1941/9/14,NGVD 29
01003300,1224.95,1941/9/15,NGVD 29
01003300,1224.95,1941/9/16,NGVD 29
01003300,1224.95,1941/9/18,NGVD 29
01003300,1224.95,1941/9/19,NGVD 29
01003300,1224.95,1941/9/20,NGVD 29
01003300,1224.89,1941/9/21,NGVD 29
01003300,1224.79,1941/9/22,NGVD 29
01003300,1224.71,1941/9/23,NGVD 29
01003300,1224.71,1941/9/24,NGVD 29
01003300,1224.71,1941/9/25,NGVD 29
01003300,1224.71,1941/9/26,NGVD 29
01003300,1224.71,1941/9/27,NGVD 29
01003300,1224.69,1941/9/28,NGVD 29
01003300,1224.69,1941/9/29,NGVD 29
01003300,1224.69,1941/9/30,NGVD 29
01003300,1224.69,1941/10/1,NGVD 29
01003300,1224.69,1941/10/2,NGVD 29
01003300,1224.67,1941/10/3,NGVD 29
01003300,1224.67,1941/10/4,NGVD 29
01003300,1224.67,1941/10/5,NGVD 29
01003300,1224.67,1941/10/6,NGVD 29
01003300,1224.67,1941/10/7,NGVD 29
01003300,1224.67,1941/10/8,NGVD 29
01003300,1224.67,1941/10/9,NGVD 29
01003300,1224.67,1941/10/10,NGVD 29
01003300,1224.67,1941/10/11,NGVD 29
01003300,1224.67,1941/10/12,NGVD 29
01003300,1224.57,1941/10/13,NGVD 29
01003300,1224.57,1941/10/14,NGVD 29
01003300,1224.57,1941/10/15,NGVD 29
01003300,1224.57,1941/10/16,NGVD 29
01003300,1224.57,1941/10/18,NGVD 29
01003300,1224.57,1941/10/19,NGVD 29
01003300,1224.49,1941/10/20,NGVD 29
01003300,1224.49,1941/10/21,NGVD 29
01003300,1224.49,1941/10/22,NGVD 29
01003300,1224.49,1941/10/23,NGVD 29
01003300,1224.49,1941/10/24,NGVD 29
01003300,1224.49,1941/10/25,NGVD 29
01003300,1224.39,1941/11/2,NGVD 29
01003300,1224.39,1941/11/3,NGVD 29
01003300,1224.37,1941/11/4,NGVD 29
01003300,1224.37,1941/11/5,NGVD 29
01003300,1224.37,1941/11/6,NGVD 29
01003300,1224.37,1941/11/7,NGVD 29
01003300,1224.37,1941/11/8,NGVD 29
01003300,1224.29,1941/11/9,NGVD 29
01003300,1224.29,1941/11/10,NGVD 29
01003300,1224.29,1941/11/11,NGVD 29
01003300,1224.29,1941/11/12,NGVD 29
01003300,1224.29,1941/11/13,NGVD 29
01003300,1224.29,1941/11/14,NGVD 29
01003300,1224.29,1941/11/15,NGVD 29
01003300,1224.29,1941/11/16,NGVD 29
01003300,1224.29,1941/11/17,NGVD 29
01003300,1224.29,1941/11/18,NGVD 29
01003300,1224.29,1941/11/19,NGVD 29
01003300,1224.29,1941/11/20,NGVD 29
01003300,1224.29,1941/11/21,NGVD 29
01003300,1224.29,1941/11/22,NGVD 29
01003300,1224.29,1941/11/23,NGVD 29
01003300,1224.29,1941/11/24,NGVD 29
01003300,1224.29,1941/11/25,NGVD 29
01003300,1224.29,1941/11/26,NGVD 29
01003300,1224.29,1941/11/27,NGVD 29
01003300,1224.29,1941/11/28,NGVD 29
01003300,1224.29,1941/11/29,NGVD 29
01003300,1224.29,1941/11/30,NGVD 29
01003300,1224.29,1941/12/1,NGVD 29
01003300,1224.29,1941/12/2,NGVD 29
01003300,1224.29,1941/12/3,NGVD 29
01003300,1224.29,1941/12/4,NGVD 29
01003300,1224.29,1941/12/5,NGVD 29
01003300,1224.29,1941/12/6,NGVD 29
01003300,1224.29,1941/12/7,NGVD 29
01003300,1224.29,1941/12/8,NGVD 29
01003300,1224.29,1941/12/9,NGVD 29
01003300,1224.29,1941/12/10,NGVD 29
01003300,1224.29,1941/12/11,NGVD 29
01003300,1224.29,1941/12/13,NGVD 29
01003300,1224.29,1941/12/14,NGVD 29
01003300,1224.29,1941/12/15,NGVD 29
01003300,1224.29,1941/12/16,NGVD 29
01003300,1224.29,1941/12/17,NGVD 29
01003300,1224.29,1941/12/18,NGVD 29
01003300,1224.29,1941/12/20,NGVD 29
01003300,1224.29,1941/12/21,NGVD 29
01003300,1224.29,1941/12/22,NGVD 29
01003300,1224.29,1941/12/23,NGVD 29
01003300,1224.29,1941/12/24,NGVD 29
01003300,1224.29,1941/12/26,NGVD 29
01003300,1224.29,1941/12/27,NGVD 29
01003300,1224.29,1941/12/31,NGVD 29
01003300,1224.29,1942/1/1,NGVD 29
01003300,1224.29,1942/1/2,NGVD 29
01003300,1224.29,1942/1/3,NGVD 29
01003300,1224.29,1942/1/4,NGVD 29
01003300,1224.29,1942/1/5,NGVD 29
01003300,1224.29,1942/1/8,NGVD 29
01003300,1224.29,1942/1/9,NGVD 29
01003300,1224.29,1942/1/10,NGVD 29
01003300,1224.29,1942/1/11,NGVD 29
01003300,1224.29,1942/1/12,NGVD 29
01003300,1224.29,1942/1/13,NGVD 29
01003300,1224.29,1942/1/14,NGVD 29
01003300,1224.29,1942/1/15,NGVD 29
01003300,1224.29,1942/1/17,NGVD 29
01003300,1224.29,1942/1/18,NGVD 29
01003300,1224.29,1942/1/19,NGVD 29
01003300,1224.29,1942/1/21,NGVD 29
01003300,1224.29,1942/1/23,NGVD 29
01003300,1224.29,1942/1/24,NGVD 29
01003300,1224.29,1942/1/25,NGVD 29
01003300,1224.29,1942/1/26,NGVD 29
01003300,1224.29,1942/1/28,NGVD 29
01003300,1224.29,1942/1/29,NGVD 29
01003300,1224.29,1942/1/30,NGVD 29
01003300,1224.29,1942/1/31,NGVD 29
01003300,1224.29,1942/2/1,NGVD 29
01003300,1224.29,1942/2/2,NGVD 29
01003300,1224.29,1942/2/3,NGVD 29
01003300,1224.29,1942/2/4,NGVD 29
01003300,1224.29,1942/2/6,NGVD 29
01003300,1224.29,1942/2/7,NGVD 29
01003300,1224.34,1942/2/10,NGVD 29
01003300,1224.31,1942/2/17,NGVD 29
01003300,1224.27,1942/2/24,NGVD 29
01003300,1224.24,1942/2/28,NGVD 29
01003300,1224.21,1942/3/4,NGVD 29
01003300,1224.21,1942/3/11,NGVD 29
01003300,1224.13,1942/3/19,NGVD 29
01003300,1224.11,1942/3/25,NGVD 29
01003300,1224.11,1942/3/31,NGVD 29
01003300,1224.11,1942/4/1,NGVD 29
01003300,1224.13,1942/4/2,NGVD 29
01003300,1224.17,1942/4/3,NGVD 29
01003300,1224.19,1942/4/4,NGVD 29
01003300,1224.19,1942/4/5,NGVD 29
01003300,1224.19,1942/4/6,NGVD 29
01003300,1224.19,1942/4/7,NGVD 29
01003300,1224.19,1942/4/8,NGVD 29
01003300,1224.21,1942/4/9,NGVD 29
01003300,1224.21,1942/4/10,NGVD 29
01003300,1224.22,1942/4/11,NGVD 29
01003300,1224.22,1942/4/12,NGVD 29
01003300,1224.23,1942/4/13,NGVD 29
01003300,1224.25,1942/4/14,NGVD 29
01003300,1224.25,1942/4/15,NGVD 29
01003300,1224.25,1942/4/16,NGVD 29
01003300,1224.25,1942/4/17,NGVD 29
01003300,1224.25,1942/4/18,NGVD 29
01003300,1224.25,1942/4/19,NGVD 29
01003300,1224.25,1942/4/20,NGVD 29
01003300,1224.25,1942/4/21,NGVD 29
01003300,1224.27,1942/4/22,NGVD 29
01003300,1224.27,1942/4/23,NGVD 29
01003300,1224.27,1942/4/24,NGVD 29
01003300,1224.27,1942/4/25,NGVD 29
01003300,1224.33,1942/4/26,NGVD 29
01003300,1224.45,1942/4/27,NGVD 29
01003300,1224.45,1942/4/28,NGVD 29
01003300,1224.45,1942/4/29,NGVD 29
01003300,1224.55,1942/4/30,NGVD 29
01003300,1224.55,1942/5/1,NGVD 29
01003300,1224.55,1942/5/2,NGVD 29
01003300,1224.53,1942/5/3,NGVD 29
01003300,1224.53,1942/5/4,NGVD 29
01003300,1224.53,1942/5/5,NGVD 29
01003300,1224.53,1942/5/6,NGVD 29
01003300,1224.51,1942/5/7,NGVD 29
01003300,1224.51,1942/5/8,NGVD 29
01003300,1224.49,1942/5/9,NGVD 29
01003300,1224.49,1942/5/10,NGVD 29
01003300,1224.49,1942/5/11,NGVD 29
01003300,1224.49,1942/5/12,NGVD 29
01003300,1224.89,1942/5/13,NGVD 29
01003300,1224.81,1942/5/14,NGVD 29
01003300,1224.75,1942/5/15,NGVD 29
01003300,1224.71,1942/5/16,NGVD 29
01003300,1224.69,1942/5/17,NGVD 29
01003300,1224.67,1942/5/18,NGVD 29
01003300,1224.65,1942/5/19,NGVD 29
01003300,1224.65,1942/5/20,NGVD 29
01003300,1224.63,1942/5/21,NGVD 29
01003300,1224.61,1942/5/22,NGVD 29
01003300,1224.59,1942/5/23,NGVD 29
01003300,1224.59,1942/5/24,NGVD 29
01003300,1224.57,1942/5/25,NGVD 29
01003300,1224.57,1942/5/26,NGVD 29
01003300,1224.55,1942/5/27,NGVD 29
01003300,1224.55,1942/5/28,NGVD 29
01003300,1224.55,1942/5/29,NGVD 29
01003300,1224.67,1942/5/30,NGVD 29
01003300,1224.67,1942/5/31,NGVD 29
01003300,1224.67,1942/6/1,NGVD 29
01003300,1224.65,1942/6/2,NGVD 29
01003300,1224.63,1942/6/3,NGVD 29
01003300,1224.59,1942/6/4,NGVD 29
01003300,1224.89,1942/6/5,NGVD 29
01003300,1224.93,1942/6/6,NGVD 29
01003300,1224.88,1942/6/7,NGVD 29
01003300,1224.84,1942/6/8,NGVD 29
01003300,1224.79,1942/6/9,NGVD 29
01003300,1224.77,1942/6/10,NGVD 29
01003300,1224.81,1942/6/11,NGVD 29
01003300,1224.91,1942/6/12,NGVD 29
01003300,1224.90,1942/6/13,NGVD 29
01003300,1224.89,1942/6/14,NGVD 29
01003300,1224.87,1942/6/15,NGVD 29
01003300,1224.87,1942/6/16,NGVD 29
01003300,1224.85,1942/6/17,NGVD 29
01003300,1224.81,1942/6/18,NGVD 29
01003300,1224.77,1942/6/19,NGVD 29
01003300,1224.73,1942/6/20,NGVD 29
01003300,1224.69,1942/6/21,NGVD 29
01003300,1224.67,1942/6/22,NGVD 29
01003300,1224.63,1942/6/23,NGVD 29
01003300,1224.59,1942/6/24,NGVD 29
01003300,1224.55,1942/6/25,NGVD 29
01003300,1224.49,1942/6/26,NGVD 29
01003300,1224.43,1942/6/27,NGVD 29
01003300,1224.51,1942/6/28,NGVD 29
01003300,1224.49,1942/6/29,NGVD 29
01003300,1224.45,1942/6/30,NGVD 29
01003300,1224.41,1942/7/1,NGVD 29
01003300,1224.37,1942/7/2,NGVD 29
01003300,1224.33,1942/7/3,NGVD 29
01003300,1224.29,1942/7/4,NGVD 29
01003300,1224.29,1942/7/7,NGVD 29
01003300,1224.23,1942/7/31,NGVD 29
01003300,1224.23,1942/8/1,NGVD 29
01003300,1224.28,1942/8/2,NGVD 29
01003300,1224.23,1942/8/3,NGVD 29
01003300,1224.21,1942/8/4,NGVD 29
01003300,1224.21,1942/8/5,NGVD 29
01003300,1224.20,1942/8/6,NGVD 29
01003300,1224.19,1942/8/7,NGVD 29
01003300,1224.19,1942/8/8,NGVD 29
01003300,1224.21,1942/8/9,NGVD 29
01003300,1224.21,1942/8/10,NGVD 29
01003300,1224.19,1942/8/11,NGVD 29
01003300,1224.19,1942/8/12,NGVD 29
01003300,1224.17,1942/8/13,NGVD 29
01003300,1224.17,1942/8/14,NGVD 29
01003300,1224.17,1942/8/15,NGVD 29
01003300,1224.15,1942/8/16,NGVD 29
01003300,1224.15,1942/8/17,NGVD 29
01003300,1224.14,1942/8/18,NGVD 29
01003300,1224.13,1942/8/19,NGVD 29
01003300,1224.13,1942/8/20,NGVD 29
01003300,1224.11,1942/8/21,NGVD 29
01003300,1224.09,1942/8/22,NGVD 29
01003300,1224.07,1942/8/23,NGVD 29
01003300,1224.05,1942/8/24,NGVD 29
01003300,1224.03,1942/8/25,NGVD 29
01003300,1224.01,1942/8/26,NGVD 29
01003300,1224.09,1942/8/27,NGVD 29
01003300,1224.09,1942/8/28,NGVD 29
01003300,1224.27,1942/8/29,NGVD 29
01003300,1224.29,1942/8/30,NGVD 29
01003300,1224.27,1942/8/31,NGVD 29
01003300,1224.33,1942/9/1,NGVD 29
01003300,1224.32,1942/9/2,NGVD 29
01003300,1224.32,1942/9/3,NGVD 29
01003300,1224.32,1942/9/4,NGVD 29
01003300,1224.31,1942/9/5,NGVD 29
01003300,1224.29,1942/9/6,NGVD 29
01003300,1224.29,1942/9/7,NGVD 29
01003300,1224.29,1942/9/8,NGVD 29
01003300,1224.27,1942/9/9,NGVD 29
01003300,1224.27,1942/9/10,NGVD 29
01003300,1224.29,1942/9/11,NGVD 29
01003300,1224.29,1942/9/12,NGVD 29
01003300,1224.31,1942/9/13,NGVD 29
01003300,1224.31,1942/9/14,NGVD 29
01003300,1224.31,1942/9/15,NGVD 29
01003300,1224.32,1942/9/16,NGVD 29
01003300,1224.33,1942/9/17,NGVD 29
01003300,1224.33,1942/9/18,NGVD 29
01003300,1224.33,1942/9/19,NGVD 29
01003300,1224.31,1942/9/30,NGVD 29
01003300,1224.29,1942/10/8,NGVD 29
01003300,1224.29,1942/10/9,NGVD 29
01003300,1224.29,1942/10/10,NGVD 29
01003300,1224.29,1942/10/11,NGVD 29
01003300,1224.29,1942/10/12,NGVD 29
01003300,1224.29,1942/10/13,NGVD 29
01003300,1224.29,1942/10/14,NGVD 29
01003300,1224.29,1942/10/15,NGVD 29
01003300,1224.29,1942/10/16,NGVD 29
01003300,1224.29,1942/10/17,NGVD 29
01003300,1224.29,1942/10/18,NGVD 29
01003300,1224.29,1942/10/19,NGVD 29
01003300,1224.29,1942/10/20,NGVD 29
01003300,1224.29,1942/10/21,NGVD 29
01003300,1224.29,1942/10/22,NGVD 29
01003300,1224.29,1942/10/23,NGVD 29
01003300,1224.29,1942/10/24,NGVD 29
01003300,1224.29,1942/10/25,NGVD 29
01003300,1224.29,1942/10/26,NGVD 29
01003300,1224.29,1942/10/27,NGVD 29
01003300,1224.29,1942/10/28,NGVD 29
01003300,1224.29,1942/10/29,NGVD 29
01003300,1224.29,1942/10/30,NGVD 29
01003300,1224.29,1942/10/31,NGVD 29
01003300,1224.29,1942/11/1,NGVD 29
01003300,1224.29,1942/11/2,NGVD 29
01003300,1224.29,1942/11/3,NGVD 29
01003300,1224.29,1942/11/4,NGVD 29
01003300,1224.29,1942/11/5,NGVD 29
01003300,1224.29,1942/11/6,NGVD 29
01003300,1224.29,1942/11/7,NGVD 29
01003300,1224.29,1942/11/8,NGVD 29
01003300,1224.29,1942/11/9,NGVD 29
01003300,1224.29,1942/11/10,NGVD 29
01003300,1224.29,1942/11/11,NGVD 29
01003300,1224.29,1942/11/12,NGVD 29
01003300,1224.29,1942/11/13,NGVD 29
01003300,1224.29,1942/11/14,NGVD 29
01003300,1224.29,1942/11/15,NGVD 29
01003300,1224.29,1942/11/16,NGVD 29
01003300,1224.29,1942/11/17,NGVD 29
01003300,1224.29,1942/11/18,NGVD 29
01003300,1224.29,1942/11/19,NGVD 29
01003300,1224.29,1942/11/20,NGVD 29
01003300,1224.29,1942/11/21,NGVD 29
01003300,1224.29,1942/11/22,NGVD 29
01003300,1224.29,1942/11/23,NGVD 29
01003300,1224.29,1942/11/24,NGVD 29
01003300,1224.29,1942/11/25,NGVD 29
01003300,1224.29,1942/11/26,NGVD 29
01003300,1224.29,1942/11/27,NGVD 29
01003300,1224.29,1942/12/27,NGVD 29
01003300,1224.79,1943/6/6,NGVD 29
01003300,1224.89,1943/6/9,NGVD 29
01003300,1224.79,1943/6/11,NGVD 29
01003300,1224.79,1943/6/14,NGVD 29
01003300,1224.79,1943/6/17,NGVD 29
01003300,1224.69,1943/6/19,NGVD 29
01003300,1224.69,1943/6/21,NGVD 29
01003300,1224.64,1943/6/23,NGVD 29
01003300,1224.79,1943/6/26,NGVD 29
01003300,1224.90,1943/6/29,NGVD 29
01003300,1224.69,1943/7/5,NGVD 29
01003300,1224.59,1943/7/8,NGVD 29
01003300,1224.51,1943/7/10,NGVD 29
01003300,1224.47,1943/7/12,NGVD 29
01003300,1224.39,1943/7/15,NGVD 29
01003300,1224.37,1943/7/17,NGVD 29
01003300,1224.34,1943/7/19,NGVD 29
01003300,1224.32,1943/7/21,NGVD 29
01003300,1224.29,1943/7/24,NGVD 29
01003300,1224.29,1943/7/27,NGVD 29
01003300,1224.29,1943/7/29,NGVD 29
01003300,1224.29,1943/7/31,NGVD 29
01003300,1224.43,1943/8/2,NGVD 29
01003300,1224.39,1943/8/5,NGVD 29
01003300,1224.34,1943/8/7,NGVD 29
01003300,1224.44,1943/8/9,NGVD 29
01003300,1224.42,1943/8/12,NGVD 29
01003300,1224.39,1943/8/14,NGVD 29
01003300,1224.38,1943/8/17,NGVD 29
01003300,1224.34,1943/8/19,NGVD 29
01003300,1224.34,1943/8/21,NGVD 29
01003300,1224.29,1943/8/23,NGVD 29
01003300,1224.29,1943/8/25,NGVD 29
01003300,1224.29,1943/8/28,NGVD 29
01003300,1224.29,1943/9/6,NGVD 29
01003300,1224.29,1943/9/9,NGVD 29
01003300,1224.29,1943/9/11,NGVD 29
01003300,1224.29,1943/9/13,NGVD 29
01003300,1224.29,1943/9/16,NGVD 29
01003300,1224.29,1943/9/18,NGVD 29
01003300,1224.28,1943/9/25,NGVD 29
01003300,1224.29,1943/9/27,NGVD 29
01003300,1224.29,1943/9/29,NGVD 29
01003300,1224.13,1943/10/6,NGVD 29
01003300,1224.26,1943/10/12,NGVD 29
01003300,1224.25,1943/10/14,NGVD 29
01003300,1224.23,1943/10/16,NGVD 29
01003300,1224.63,1944/6/19,NGVD 29
01003300,1224.61,1944/6/22,NGVD 29
01003300,1224.60,1944/6/24,NGVD 29
01003300,1224.55,1944/6/29,NGVD 29
01003300,1224.51,1944/7/1,NGVD 29
01003300,1224.43,1944/7/3,NGVD 29
01003300,1224.39,1944/7/6,NGVD 29
01003300,1224.41,1944/7/8,NGVD 29
01003300,1224.45,1944/7/10,NGVD 29
01003300,1224.43,1944/7/13,NGVD 29
01003300,1224.34,1944/7/15,NGVD 29
01003300,1224.31,1944/7/17,NGVD 29
01003300,1224.31,1944/7/19,NGVD 29
01003300,1224.29,1944/7/22,NGVD 29
01003300,1224.29,1944/7/25,NGVD 29
01003300,1224.27,1944/7/27,NGVD 29
01003300,1224.24,1944/7/29,NGVD 29
01003300,1224.19,1944/8/1,NGVD 29
01003300,1224.19,1944/8/3,NGVD 29
01003300,1224.29,1944/8/5,NGVD 29
01003300,1224.31,1944/8/7,NGVD 29
01003300,1224.39,1944/8/10,NGVD 29
01003300,1224.34,1944/8/12,NGVD 29
01003300,1224.39,1944/8/14,NGVD 29
01003300,1224.36,1944/8/17,NGVD 29
01003300,1224.32,1944/8/19,NGVD 29
01003300,1224.29,1944/8/21,NGVD 29
01003300,1224.27,1944/8/24,NGVD 29
01003300,1224.27,1944/8/26,NGVD 29
01003300,1224.26,1944/8/28,NGVD 29
01003300,1224.29,1944/8/31,NGVD 29
01003300,1224.29,1944/9/2,NGVD 29
01003300,1224.29,1944/9/4,NGVD 29
01003300,1224.25,1944/9/7,NGVD 29
01003300,1224.21,1944/9/9,NGVD 29
01003300,1224.19,1944/9/11,NGVD 29
01003300,1224.17,1944/9/14,NGVD 29
01003300,1224.19,1944/9/16,NGVD 29
01003300,1224.15,1944/9/18,NGVD 29
01003300,1224.13,1944/9/21,NGVD 29
01003300,1224.11,1944/9/23,NGVD 29
01003300,1224.09,1944/9/25,NGVD 29
01003300,1224.11,1944/9/28,NGVD 29
01003300,1224.11,1944/9/30,NGVD 29
01003300,1224.11,1944/10/2,NGVD 29
01003300,1224.09,1944/10/5,NGVD 29
01003300,1224.09,1944/10/7,NGVD 29
01003300,1224.09,1944/10/9,NGVD 29
01003300,1224.09,1944/10/12,NGVD 29
01003300,1224.08,1944/10/14,NGVD 29
01003300,1224.07,1944/10/16,NGVD 29
01003300,1224.06,1944/10/19,NGVD 29
01003300,1224.06,1944/10/21,NGVD 29
01003300,1224.06,1944/10/23,NGVD 29
01003300,1224.06,1944/10/26,NGVD 29
01003300,1224.01,1944/10/28,NGVD 29
01003300,1224.00,1944/10/30,NGVD 29
01003300,1224.00,1944/10/31,NGVD 29
01003300,1223.99,1944/11/2,NGVD 29
01003300,1223.99,1944/11/4,NGVD 29
01003300,1223.99,1944/11/6,NGVD 29
01003300,1223.99,1944/11/9,NGVD 29
01003300,1223.99,1944/11/11,NGVD 29
01003300,1224.01,1944/11/13,NGVD 29
01003300,1224.05,1944/11/16,NGVD 29
01003300,1224.07,1944/11/18,NGVD 29
01003300,1224.07,1944/11/20,NGVD 29
01003300,1224.08,1944/11/23,NGVD 29
01003300,1224.09,1944/11/25,NGVD 29
01003300,1224.07,1944/11/29,NGVD 29
01003300,1224.07,1944/11/30,NGVD 29
01003300,1224.09,1944/12/18,NGVD 29
01003300,1224.09,1945/1/10,NGVD 29
01003300,1224.11,1945/2/6,NGVD 29
01003300,1224.11,1945/3/5,NGVD 29
01003300,1224.09,1945/3/8,NGVD 29
01003300,1224.07,1945/3/10,NGVD 29
01003300,1224.05,1945/3/12,NGVD 29
01003300,1224.13,1945/3/15,NGVD 29
01003300,1224.19,1945/3/17,NGVD 29
01003300,1224.21,1945/3/19,NGVD 29
01003300,1224.27,1945/3/22,NGVD 29
01003300,1224.29,1945/3/24,NGVD 29
01003300,1224.37,1945/3/26,NGVD 29
01003300,1224.35,1945/3/29,NGVD 29
01003300,1224.34,1945/3/31,NGVD 29
01003300,1224.39,1945/4/2,NGVD 29
01003300,1224.38,1945/4/5,NGVD 29
01003300,1224.37,1945/4/7,NGVD 29
01003300,1224.45,1945/4/9,NGVD 29
01003300,1224.47,1945/4/12,NGVD 29
01003300,1224.37,1945/4/14,NGVD 29
01003300,1224.37,1945/4/16,NGVD 29
01003300,1224.35,1945/4/19,NGVD 29
01003300,1224.33,1945/4/21,NGVD 29
01003300,1224.31,1945/4/23,NGVD 29
01003300,1224.30,1945/4/26,NGVD 29
01003300,1224.29,1945/4/28,NGVD 29
01003300,1224.25,1945/4/30,NGVD 29
01003300,1224.21,1945/5/3,NGVD 29
01003300,1224.19,1945/5/5,NGVD 29
01003300,1224.17,1945/5/7,NGVD 29
01003300,1224.11,1945/5/10,NGVD 29
01003300,1224.09,1945/5/12,NGVD 29
01003300,1224.09,1945/5/14,NGVD 29
01003300,1224.09,1945/5/17,NGVD 29
01003300,1224.10,1945/5/19,NGVD 29
01003300,1224.12,1945/5/21,NGVD 29
01003300,1224.09,1945/5/24,NGVD 29
01003300,1224.08,1945/5/26,NGVD 29
01003300,1224.17,1945/5/28,NGVD 29
01003300,1224.26,1945/5/31,NGVD 29
01003300,1224.29,1945/6/2,NGVD 29
01003300,1224.29,1945/6/4,NGVD 29
01003300,1224.27,1945/6/7,NGVD 29
01003300,1224.26,1945/6/9,NGVD 29
01003300,1224.19,1945/6/11,NGVD 29
01003300,1224.29,1945/6/14,NGVD 29
01003300,1224.29,1945/6/16,NGVD 29
01003300,1224.30,1945/6/18,NGVD 29
01003300,1224.29,1945/6/21,NGVD 29
01003300,1224.27,1945/6/23,NGVD 29
01003300,1224.19,1945/6/25,NGVD 29
01003300,1224.21,1945/6/28,NGVD 29
01003300,1224.19,1945/6/30,NGVD 29
01003300,1224.13,1945/7/2,NGVD 29
01003300,1224.09,1945/7/6,NGVD 29
01003300,1224.08,1945/7/8,NGVD 29
01003300,1224.01,1945/7/9,NGVD 29
01003300,1224.01,1945/7/12,NGVD 29
01003300,1223.99,1945/7/14,NGVD 29
01003300,1224.01,1945/7/16,NGVD 29
01003300,1223.99,1945/7/19,NGVD 29
01003300,1223.99,1945/7/21,NGVD 29
01003300,1223.97,1945/7/23,NGVD 29
01003300,1223.95,1945/7/26,NGVD 29
01003300,1223.93,1945/7/28,NGVD 29
01003300,1223.93,1945/7/30,NGVD 29
01003300,1223.92,1945/7/31,NGVD 29
01003300,1223.91,1945/8/2,NGVD 29
01003300,1223.91,1945/8/4,NGVD 29
01003300,1223.89,1945/8/6,NGVD 29
01003300,1223.84,1945/8/9,NGVD 29
01003300,1223.81,1945/8/11,NGVD 29
01003300,1223.84,1945/8/13,NGVD 29
01003300,1223.87,1945/8/16,NGVD 29
01003300,1223.89,1945/8/18,NGVD 29
01003300,1223.91,1945/8/20,NGVD 29
01003300,1223.89,1945/8/23,NGVD 29
01003300,1223.87,1945/8/25,NGVD 29
01003300,1223.85,1945/8/27,NGVD 29
01003300,1223.89,1945/8/31,NGVD 29
01003300,1223.91,1945/9/3,NGVD 29
01003300,1223.89,1945/9/6,NGVD 29
01003300,1223.87,1945/9/8,NGVD 29
01003300,1223.84,1945/9/10,NGVD 29
01003300,1223.82,1945/9/13,NGVD 29
01003300,1223.79,1945/9/15,NGVD 29
01003300,1223.81,1945/9/17,NGVD 29
01003300,1223.84,1945/9/20,NGVD 29
01003300,1223.89,1945/9/22,NGVD 29
01003300,1223.99,1945/9/24,NGVD 29
01003300,1224.01,1945/9/27,NGVD 29
01003300,1224.00,1945/9/29,NGVD 29
01003300,1223.99,1945/9/30,NGVD 29
01003300,1223.99,1945/10/1,NGVD 29
01003300,1223.98,1945/10/4,NGVD 29
01003300,1223.99,1945/10/6,NGVD 29
01003300,1224.01,1945/10/8,NGVD 29
01003300,1224.01,1945/10/11,NGVD 29
01003300,1224.00,1945/10/13,NGVD 29
01003300,1223.99,1945/10/15,NGVD 29
01003300,1223.99,1945/10/18,NGVD 29
01003300,1223.99,1945/10/20,NGVD 29
01003300,1223.99,1945/10/22,NGVD 29
01003300,1224.00,1945/10/25,NGVD 29
01003300,1223.99,1945/10/27,NGVD 29
01003300,1223.99,1945/10/29,NGVD 29
01003300,1223.99,1945/10/31,NGVD 29
01003300,1223.99,1945/11/1,NGVD 29
01003300,1224.00,1945/11/3,NGVD 29
01003300,1223.98,1945/11/5,NGVD 29
01003300,1223.98,1945/11/8,NGVD 29
01003300,1223.97,1945/11/10,NGVD 29
01003300,1223.97,1945/11/12,NGVD 29
01003300,1223.96,1945/11/15,NGVD 29
01003300,1223.96,1945/11/17,NGVD 29
01003300,1224.19,1946/1/22,NGVD 29
01003300,1224.27,1946/3/1,NGVD 29
01003300,1224.29,1946/3/8,NGVD 29
01003300,1224.30,1946/3/15,NGVD 29
01003300,1224.39,1946/3/22,NGVD 29
01003300,1224.43,1946/3/29,NGVD 29
01003300,1224.64,1946/4/5,NGVD 29
01003300,1224.69,1946/4/12,NGVD 29
01003300,1224.64,1946/4/19,NGVD 29
01003300,1224.64,1946/4/26,NGVD 29
01003300,1224.39,1946/5/3,NGVD 29
01003300,1224.31,1946/5/10,NGVD 29
01003300,1224.29,1946/5/17,NGVD 29
01003300,1224.31,1946/5/24,NGVD 29
01003300,1224.59,1946/5/31,NGVD 29
01003300,1224.49,1946/6/4,NGVD 29
01003300,1224.69,1946/6/7,NGVD 29
01003300,1224.61,1946/6/15,NGVD 29
01003300,1224.49,1946/6/22,NGVD 29
01003300,1224.67,1946/6/29,NGVD 29
01003300,1224.55,1946/7/6,NGVD 29
01003300,1224.39,1946/7/12,NGVD 29
01003300,1224.35,1946/7/20,NGVD 29
01003300,1224.27,1946/7/27,NGVD 29
01003300,1224.25,1946/8/3,NGVD 29
01003300,1224.18,1946/8/10,NGVD 29
01003300,1224.01,1946/8/17,NGVD 29
01003300,1223.94,1946/8/24,NGVD 29
01003300,1223.84,1946/8/31,NGVD 29
01003300,1223.84,1946/9/7,NGVD 29
01003300,1223.84,1946/9/14,NGVD 29
01003300,1223.94,1946/9/21,NGVD 29
01003300,1223.99,1946/9/28,NGVD 29
01003300,1224.09,1946/10/5,NGVD 29
01003300,1224.27,1946/10/12,NGVD 29
01003300,1224.30,1946/10/19,NGVD 29
01003300,1224.31,1946/10/26,NGVD 29
01003300,1224.32,1946/11/2,NGVD 29
01003300,1224.34,1946/11/9,NGVD 29
01003300,1224.31,1946/11/16,NGVD 29
01003300,1224.27,1946/11/23,NGVD 29
01003300,1224.20,1946/11/30,NGVD 29
01003300,1224.17,1946/12/31,NGVD 29
01003300,1224.05,1947/1/31,NGVD 29
01003300,1223.99,1947/3/1,NGVD 29
01003300,1223.99,1947/3/8,NGVD 29
01003300,1223.99,1947/3/15,NGVD 29
01003300,1224.05,1947/3/22,NGVD 29
01003300,1223.79,1947/3/31,NGVD 29
01003300,1223.85,1947/4/5,NGVD 29
01003300,1224.21,1947/4/12,NGVD 29
01003300,1224.27,1947/4/19,NGVD 29
01003300,1224.59,1947/4/26,NGVD 29
01003300,1224.75,1947/5/3,NGVD 29
01003300,1224.69,1947/5/10,NGVD 29
01003300,1224.59,1947/5/17,NGVD 29
01003300,1224.49,1947/5/24,NGVD 29
01003300,1224.54,1947/6/9,NGVD 29
01003300,1224.03,1947/11/17,NGVD 29
01003300,1223.99,1949/2/21,NGVD 29
01003300,1223.89,1949/2/25,NGVD 29
01003300,1224.24,1955/8/23,NGVD 29
01003300,1224.01,1960/2/11,NGVD 29
01003300,1223.93,1960/3/11,NGVD 29
01003300,1223.89,1960/8/2,NGVD 29
01003300,1223.65,1961/1/20,NGVD 29
01003300,1223.39,1961/9/26,NGVD 29
01003300,1223.89,1962/4/4,NGVD 29
01003300,1223.83,1962/9/7,NGVD 29
01003300,1223.92,1962/9/20,NGVD 29
01003300,1223.83,1964/8/26,NGVD 29
01003300,1224.25,1966/9/22,NGVD 29
01003300,1224.60,1968/6/19,NGVD 29
01003300,1223.99,1969/8/8,NGVD 29
01003300,1224.23,1973/9/18,NGVD 29
01003300,1224.30,1973/11/26,NGVD 29
01003300,1224.07,1979/2/21,NGVD 29
01003300,1224.21,1979/7/18,NGVD 29
01003300,1223.90,1981/1/15,NGVD 29
01003300,1224.08,1981/11/24,NGVD 29
01003300,1224.45,1982/5/28,NGVD 29
01003300,1223.88,1982/7/28,NGVD 29
01003300,1223.81,1982/9/21,NGVD 29
01003300,1223.87,1983/7/27,NGVD 29
01003300,1224.22,1983/10/13,NGVD 29
01003300,1223.87,1988/3/2,NGVD 29
01003300,1224.27,1992/2/25,NGVD 29
01003300,1224.48,1993/5/17,NGVD 29
01003300,1224.48,1993/5/17,NGVD 29
01003300,1224.38,1993/5/22,NGVD 29
01003300,1224.42,1993/5/26,NGVD 29
01003300,1224.54,1993/6/1,NGVD 29
01003300,1224.52,1993/6/4,NGVD 29
01003300,1224.59,1993/6/9,NGVD 29
01003300,1224.56,1993/6/12,NGVD 29
01003300,1224.52,1993/6/15,NGVD 29
01003300,1224.54,1993/6/18,NGVD 29
01003300,1224.54,1993/6/20,NGVD 29
01003300,1224.66,1993/6/24,NGVD 29
01003300,1224.64,1993/6/28,NGVD 29
01003300,1224.66,1993/7/2,NGVD 29
01003300,1224.80,1993/7/6,NGVD 29
01003300,1224.86,1993/7/8,NGVD 29
01003300,1224.86,1993/7/13,NGVD 29
01003300,1224.78,1993/7/17,NGVD 29
01003300,1224.68,1993/7/20,NGVD 29
01003300,1224.62,1993/7/23,NGVD 29
01003300,1224.56,1993/7/26,NGVD 29
01003300,1224.50,1993/7/30,NGVD 29
01003300,1224.46,1993/8/2,NGVD 29
01003300,1224.40,1993/8/6,NGVD 29
01003300,1224.44,1993/8/9,NGVD 29
01003300,1224.36,1993/8/13,NGVD 29
01003300,1224.34,1993/8/16,NGVD 29
01003300,1224.28,1993/8/20,NGVD 29
01003300,1224.30,1993/8/23,NGVD 29
01003300,1224.26,1993/8/26,NGVD 29
01003300,1224.26,1993/8/30,NGVD 29
01003300,1224.20,1993/9/3,NGVD 29
01003300,1224.16,1993/9/6,NGVD 29
01003300,1224.14,1993/9/10,NGVD 29
01003300,1224.12,1993/9/13,NGVD 29
01003300,1224.10,1993/9/17,NGVD 29
01003300,1224.10,1993/9/20,NGVD 29
01003300,1224.10,1993/9/24,NGVD 29
01003300,1224.08,1993/9/27,NGVD 29
01003300,1224.32,1994/4/14,NGVD 29
01003300,1224.52,1994/4/17,NGVD 29
01003300,1224.52,1994/4/22,NGVD 29
01003300,1224.72,1994/4/27,NGVD 29
01003300,1224.74,1994/4/30,NGVD 29
01003300,1224.74,1994/5/2,NGVD 29
01003300,1224.72,1994/5/6,NGVD 29
01003300,1224.58,1994/5/10,NGVD 29
01003300,1224.58,1994/5/12,NGVD 29
01003300,1224.66,1994/5/16,NGVD 29
01003300,1224.54,1994/5/20,NGVD 29
01003300,1224.58,1994/5/23,NGVD 29
01003300,1224.54,1994/5/27,NGVD 29
01003300,1224.50,1994/5/30,NGVD 29
01003300,1224.48,1994/6/3,NGVD 29
01003300,1224.42,1994/6/6,NGVD 29
01003300,1224.34,1994/6/10,NGVD 29
01003300,1224.30,1994/6/13,NGVD 29
01003300,1224.36,1994/6/17,NGVD 29
01003300,1224.50,1994/6/20,NGVD 29
01003300,1224.54,1994/6/22,NGVD 29
01003300,1224.60,1994/6/24,NGVD 29
01003300,1224.62,1994/6/27,NGVD 29
01003300,1224.62,1994/7/1,NGVD 29
01003300,1224.56,1994/7/4,NGVD 29
01003300,1224.54,1994/7/8,NGVD 29
01003300,1224.48,1994/7/11,NGVD 29
01003300,1224.42,1994/7/15,NGVD 29
01003300,1224.42,1994/7/18,NGVD 29
01003300,1224.42,1994/7/22,NGVD 29
01003300,1224.40,1994/7/25,NGVD 29
01003300,1224.30,1994/7/29,NGVD 29
01003300,1224.38,1994/8/1,NGVD 29
01003300,1224.36,1994/8/5,NGVD 29
01003300,1224.32,1994/8/8,NGVD 29
01003300,1224.24,1994/8/12,NGVD 29
01003300,1224.20,1994/8/15,NGVD 29
01003300,1224.18,1994/8/19,NGVD 29
01003300,1224.20,1994/8/22,NGVD 29
01003300,1224.26,1994/8/26,NGVD 29
01003300,1224.16,1994/9/2,NGVD 29
01003300,1224.18,1994/9/5,NGVD 29
01003300,1224.16,1994/9/9,NGVD 29
01003300,1224.12,1994/9/12,NGVD 29
01003300,1224.24,1994/9/16,NGVD 29
01003300,1224.24,1994/9/19,NGVD 29
01003300,1224.22,1994/9/23,NGVD 29
01003300,1224.18,1994/9/30,NGVD 29
01003300,1224.18,1994/10/3,NGVD 29
01003300,1224.18,1994/10/7,NGVD 29
01003300,1224.20,1994/10/10,NGVD 29
01003300,1224.16,1994/10/14,NGVD 29
01003300,1224.22,1994/10/17,NGVD 29
01003300,1224.36,1994/10/21,NGVD 29
01003300,1224.36,1994/10/24,NGVD 29
01003300,1224.32,1994/10/28,NGVD 29
01003300,1224.30,1994/10/31,NGVD 29
01003300,1224.26,1994/11/15,NGVD 29
01003300,1224.58,1995/4/24,NGVD 29
01003300,1224.56,1995/4/28,NGVD 29
01003300,1224.52,1995/5/1,NGVD 29
01003300,1224.50,1995/5/4,NGVD 29
01003300,1224.50,1995/5/5,NGVD 29
01003300,1224.50,1995/5/8,NGVD 29
01003300,1224.52,1995/5/12,NGVD 29
01003300,1224.70,1995/5/15,NGVD 29
01003300,1224.78,1995/5/19,NGVD 29
01003300,1224.72,1995/5/22,NGVD 29
01003300,1224.66,1995/5/26,NGVD 29
01003300,1224.62,1995/5/29,NGVD 29
01003300,1224.56,1995/6/2,NGVD 29
01003300,1224.50,1995/6/5,NGVD 29
01003300,1224.44,1995/6/9,NGVD 29
01003300,1224.40,1995/6/12,NGVD 29
01003300,1224.34,1995/6/16,NGVD 29
01003300,1224.28,1995/6/19,NGVD 29
01003300,1224.24,1995/6/23,NGVD 29
01003300,1224.16,1995/6/26,NGVD 29
01003300,1224.12,1995/6/30,NGVD 29
01003300,1224.18,1995/7/3,NGVD 29
01003300,1224.24,1995/7/7,NGVD 29
01003300,1224.22,1995/7/10,NGVD 29
01003300,1224.28,1995/7/14,NGVD 29
01003300,1224.26,1995/7/17,NGVD 29
01003300,1224.20,1995/7/21,NGVD 29
01003300,1224.16,1995/7/24,NGVD 29
01003300,1224.12,1995/7/28,NGVD 29
01003300,1224.08,1995/7/31,NGVD 29
01003300,1224.04,1995/8/4,NGVD 29
01003300,1224.02,1995/8/7,NGVD 29
01003300,1223.98,1995/8/11,NGVD 29
01003300,1224.14,1995/8/14,NGVD 29
01003300,1224.08,1995/8/18,NGVD 29
01003300,1224.12,1995/8/21,NGVD 29
01003300,1224.34,1995/8/25,NGVD 29
01003300,1224.38,1995/8/28,NGVD 29
01003300,1224.34,1995/9/1,NGVD 29
01003300,1224.30,1995/9/4,NGVD 29
01003300,1224.24,1995/9/8,NGVD 29
01003300,1224.20,1995/9/11,NGVD 29
01003300,1224.14,1995/9/15,NGVD 29
01003300,1224.12,1995/9/18,NGVD 29
01003300,1224.10,1995/9/22,NGVD 29
01003300,1224.80,1996/5/4,NGVD 29
01003300,1224.74,1996/5/7,NGVD 29
01003300,1224.66,1996/5/13,NGVD 29
01003300,1224.62,1996/5/17,NGVD 29
01003300,1224.70,1996/5/20,NGVD 29
01003300,1224.63,1996/5/24,NGVD 29
01003300,1224.66,1996/5/24,NGVD 29
01003300,1224.58,1996/5/27,NGVD 29
01003300,1224.48,1996/5/31,NGVD 29
01003300,1224.44,1996/6/3,NGVD 29
01003300,1224.40,1996/6/7,NGVD 29
01003300,1224.38,1996/6/10,NGVD 29
01003300,1224.30,1996/6/14,NGVD 29
01003300,1224.30,1996/6/17,NGVD 29
01003300,1224.24,1996/6/21,NGVD 29
01003300,1224.24,1996/6/24,NGVD 29
01003300,1224.44,1996/6/28,NGVD 29
01003300,1224.48,1996/7/1,NGVD 29
01003300,1224.40,1996/7/5,NGVD 29
01003300,1224.36,1996/7/8,NGVD 29
01003300,1224.52,1996/7/12,NGVD 29
01003300,1224.58,1996/7/15,NGVD 29
01003300,1224.58,1996/7/19,NGVD 29
01003300,1224.54,1996/7/22,NGVD 29
01003300,1224.49,1996/7/26,NGVD 29
01003300,1224.46,1996/7/29,NGVD 29
01003300,1224.42,1996/8/2,NGVD 29
01003300,1224.34,1996/8/5,NGVD 29
01003300,1224.48,1996/8/9,NGVD 29
01003300,1224.44,1996/8/12,NGVD 29
01003300,1224.36,1996/8/16,NGVD 29
01003300,1224.30,1996/8/19,NGVD 29
01003300,1224.24,1996/8/23,NGVD 29
01003300,1224.20,1996/8/26,NGVD 29
01003300,1224.14,1996/8/30,NGVD 29
01003300,1224.12,1996/9/2,NGVD 29
01003300,1224.12,1996/9/6,NGVD 29
01003300,1224.10,1996/9/13,NGVD 29
01003300,1224.04,1996/9/20,NGVD 29
01003300,1224.10,1996/9/27,NGVD 29
01003300,1224.06,1996/10/4,NGVD 29
01003300,1224.04,1996/10/11,NGVD 29
01003300,1224.12,1996/10/18,NGVD 29
01003300,1224.80,1997/4/22,NGVD 29
01003300,1224.78,1997/4/28,NGVD 29
01003300,1224.72,1997/5/2,NGVD 29
01003300,1224.62,1997/5/6,NGVD 29
01003300,1224.60,1997/5/9,NGVD 29
01003300,1224.54,1997/5/13,NGVD 29
01003300,1224.52,1997/5/16,NGVD 29
01003300,1224.50,1997/5/19,NGVD 29
01003300,1224.46,1997/5/23,NGVD 29
01003300,1224.44,1997/5/26,NGVD 29
01003300,1224.40,1997/5/30,NGVD 29
01003300,1224.34,1997/6/2,NGVD 29
01003300,1224.30,1997/6/6,NGVD 29
01003300,1224.28,1997/6/9,NGVD 29
01003300,1224.20,1997/6/13,NGVD 29
01003300,1224.19,1997/6/16,NGVD 29
01003300,1224.19,1997/6/20,NGVD 29
01003300,1224.34,1997/6/24,NGVD 29
01003300,1224.32,1997/6/27,NGVD 29
01003300,1224.48,1997/6/30,NGVD 29
01003300,1224.54,1997/7/4,NGVD 29
01003300,1224.58,1997/7/7,NGVD 29
01003300,1224.54,1997/7/11,NGVD 29
01003300,1224.60,1997/7/14,NGVD 29
01003300,1224.54,1997/7/18,NGVD 29
01003300,1224.46,1997/7/21,NGVD 29
01003300,1224.52,1997/7/25,NGVD 29
01003300,1224.48,1997/7/28,NGVD 29
01003300,1224.38,1997/8/1,NGVD 29
01003300,1224.34,1997/8/4,NGVD 29
01003300,1224.28,1997/8/8,NGVD 29
01003300,1224.22,1997/8/11,NGVD 29
01003300,1224.18,1997/8/15,NGVD 29
01003300,1224.16,1997/8/18,NGVD 29
01003300,1224.20,1997/8/22,NGVD 29
01003300,1224.20,1997/8/25,NGVD 29
01003300,1224.16,1997/8/29,NGVD 29
01003300,1224.14,1997/9/1,NGVD 29
01003300,1224.10,1997/9/5,NGVD 29
01003300,1224.08,1997/9/8,NGVD 29
01003300,1224.04,1997/9/12,NGVD 29
01003300,1224.02,1997/9/15,NGVD 29
01003300,1224.08,1997/9/19,NGVD 29
01003300,1224.04,1997/9/22,NGVD 29
01003300,1224.02,1997/9/26,NGVD 29
01003300,1224.00,1997/9/29,NGVD 29
01003300,1224.00,1997/10/3,NGVD 29
01003300,1224.02,1997/10/6,NGVD 29
01003300,1224.00,1997/10/10,NGVD 29
01003300,1224.10,1997/10/13,NGVD 29
01003300,1224.08,1997/10/17,NGVD 29
01003300,1224.38,1998/4/27,NGVD 29
01003300,1224.36,1998/4/29,NGVD 29
01003300,1224.36,1998/5/1,NGVD 29
01003300,1224.28,1998/5/4,NGVD 29
01003300,1224.26,1998/5/9,NGVD 29
01003300,1224.26,1998/5/12,NGVD 29
01003300,1224.26,1998/5/14,NGVD 29
01003300,1224.26,1998/5/16,NGVD 29
01003300,1224.23,1998/5/19,NGVD 29
01003300,1224.21,1998/5/23,NGVD 29
01003300,1224.18,1998/5/26,NGVD 29
01003300,1224.10,1998/5/28,NGVD 29
01003300,1224.16,1998/5/30,NGVD 29
01003300,1224.24,1998/6/2,NGVD 29
01003300,1224.24,1998/6/5,NGVD 29
01003300,1224.20,1998/6/8,NGVD 29
01003300,1224.21,1998/6/10,NGVD 29
01003300,1224.12,1998/6/12,NGVD 29
01003300,1224.16,1998/6/14,NGVD 29
01003300,1224.38,1998/6/17,NGVD 29
01003300,1224.48,1998/6/19,NGVD 29
01003300,1224.58,1998/6/20,NGVD 29
01003300,1224.58,1998/6/25,NGVD 29
01003300,1224.56,1998/7/1,NGVD 29
01003300,1224.48,1998/7/8,NGVD 29
01003300,1224.48,1998/7/14,NGVD 29
01003300,1224.38,1998/7/21,NGVD 29
01003300,1224.30,1998/7/24,NGVD 29
01003300,1224.18,1998/8/2,NGVD 29
01003300,1224.16,1998/8/9,NGVD 29
01003300,1223.96,1998/8/13,NGVD 29
01003300,1224.02,1998/8/17,NGVD 29
01003300,1223.88,1998/8/23,NGVD 29
01003300,1223.88,1998/8/27,NGVD 29
01003300,1223.88,1998/8/31,NGVD 29
01003300,1223.88,1998/9/3,NGVD 29
01003300,1223.78,1998/9/7,NGVD 29
01003300,1223.86,1998/9/13,NGVD 29
01003300,1224.16,1998/9/15,NGVD 29
01003300,1223.90,1998/9/20,NGVD 29
01003300,1223.86,1998/9/25,NGVD 29
01003300,1223.86,1998/10/1,NGVD 29
01003300,1223.82,1998/10/5,NGVD 29
01003300,1223.86,1998/10/10,NGVD 29
01003300,1223.82,1998/10/14,NGVD 29
01003300,1224.51,1999/4/23,NGVD 29
01003300,1224.45,1999/4/28,NGVD 29
01003300,1224.41,1999/5/1,NGVD 29
01003300,1223.71,1999/5/5,NGVD 29
01003300,1223.69,1999/5/10,NGVD 29
01003300,1224.46,1999/5/14,NGVD 29
01003300,1225.21,1999/5/16,NGVD 29
01003300,1224.71,1999/5/19,NGVD 29
01003300,1224.71,1999/5/21,NGVD 29
01003300,1224.71,1999/5/24,NGVD 29
01003300,1224.69,1999/5/26,NGVD 29
01003300,1224.21,1999/5/27,NGVD 29
01003300,1224.51,1999/5/31,NGVD 29
01003300,1224.51,1999/6/6,NGVD 29
01003300,1224.41,1999/6/12,NGVD 29
01003300,1224.36,1999/6/16,NGVD 29
01003300,1224.33,1999/6/18,NGVD 29
01003300,1224.31,1999/6/20,NGVD 29
01003300,1224.41,1999/6/24,NGVD 29
01003300,1224.31,1999/6/28,NGVD 29
01003300,1224.34,1999/6/30,NGVD 29
01003300,1224.31,1999/7/1,NGVD 29
01003300,1224.26,1999/7/7,NGVD 29
01003300,1224.35,1999/7/9,NGVD 29
01003300,1224.31,1999/7/13,NGVD 29
01003300,1224.41,1999/7/16,NGVD 29
01003300,1224.39,1999/7/20,NGVD 29
01003300,1224.35,1999/7/24,NGVD 29
01003300,1224.41,1999/7/26,NGVD 29
01003300,1224.37,1999/7/29,NGVD 29
01003300,1224.31,1999/8/2,NGVD 29
01003300,1224.31,1999/8/3,NGVD 29
01003300,1224.21,1999/8/8,NGVD 29
01003300,1224.25,1999/8/10,NGVD 29
01003300,1224.47,1999/8/13,NGVD 29
01003300,1224.61,1999/8/18,NGVD 29
01003300,1224.75,1999/8/23,NGVD 29
01003300,1224.75,1999/8/27,NGVD 29
01003300,1224.71,1999/8/31,NGVD 29
01003300,1224.61,1999/9/6,NGVD 29
01003300,1224.61,1999/9/10,NGVD 29
01003300,1224.61,1999/9/17,NGVD 29
01003300,1224.41,1999/10/10,NGVD 29
01003300,1224.32,2000/4/26,NGVD 29
01003300,1224.32,2000/5/1,NGVD 29
01003300,1224.30,2000/5/4,NGVD 29
01003300,1224.36,2000/5/8,NGVD 29
01003300,1224.40,2000/5/12,NGVD 29
01003300,1224.36,2000/5/21,NGVD 29
01003300,1224.38,2000/5/27,NGVD 29
01003300,1224.36,2000/6/5,NGVD 29
01003300,1224.20,2000/6/12,NGVD 29
01003300,1224.32,2000/6/16,NGVD 29
01003300,1224.34,2000/6/22,NGVD 29
01003300,1224.18,2000/7/4,NGVD 29
01003300,1224.16,2000/7/10,NGVD 29
01003300,1224.14,2000/7/12,NGVD 29
01003300,1224.08,2000/7/15,NGVD 29
01003300,1223.90,2000/7/17,NGVD 29
01003300,1223.88,2000/7/20,NGVD 29
01003300,1223.82,2000/7/22,NGVD 29
01003300,1223.90,2000/7/26,NGVD 29
01003300,1223.84,2000/8/1,NGVD 29
01003300,1223.80,2000/8/4,NGVD 29
01003300,1223.82,2000/8/9,NGVD 29
01003300,1223.78,2000/8/14,NGVD 29
01003300,1223.80,2000/8/19,NGVD 29
01003300,1223.74,2000/8/24,NGVD 29
01003300,1223.91,2000/8/24,NGVD 29
01003300,1223.88,2000/8/28,NGVD 29
01003300,1223.90,2000/9/4,NGVD 29
01003300,1223.88,2000/9/10,NGVD 29
01003300,1223.82,2000/9/15,NGVD 29
01003300,1223.78,2000/9/20,NGVD 29
01003300,1223.62,2000/10/8,NGVD 29
01003300,1223.64,2000/10/12,NGVD 29
01003300,1224.97,2001/5/29,NGVD 29
01003300,1224.85,2001/6/6,NGVD 29
01003300,1224.81,2001/6/8,NGVD 29
01003300,1224.73,2001/6/13,NGVD 29
01003300,1224.93,2001/6/18,NGVD 29
01003300,1224.87,2001/6/23,NGVD 29
01003300,1224.67,2001/7/1,NGVD 29
01003300,1224.45,2001/7/9,NGVD 29
01003300,1224.37,2001/7/16,NGVD 29
01003300,1224.45,2001/7/19,NGVD 29
01003300,1224.23,2001/7/27,NGVD 29
01003300,1224.27,2001/8/1,NGVD 29
01003300,1224.17,2001/8/7,NGVD 29
01003300,1224.07,2001/8/12,NGVD 29
01003300,1224.07,2001/8/18,NGVD 29
01003300,1224.05,2001/8/23,NGVD 29
01003300,1224.07,2001/8/30,NGVD 29
01003300,1224.05,2001/9/3,NGVD 29
01003300,1223.97,2001/9/8,NGVD 29
01003300,1223.91,2001/9/12,NGVD 29
01003300,1223.87,2001/9/19,NGVD 29
01003300,1224.03,2001/9/24,NGVD 29
01003300,1223.97,2001/10/2,NGVD 29
01003300,1223.97,2001/10/9,NGVD 29
01003300,1224.03,2001/10/11,NGVD 29
01003300,1224.44,2002/5/2,NGVD 29
01003300,1224.54,2002/5/13,NGVD 29
01003300,1224.52,2002/5/18,NGVD 29
01003300,1224.40,2002/5/25,NGVD 29
01003300,1224.14,2002/6/4,NGVD 29
01003300,1224.14,2002/6/12,NGVD 29
01003300,1224.14,2002/6/19,NGVD 29
01003300,1224.36,2002/6/24,NGVD 29
01003300,1224.24,2002/7/3,NGVD 29
01003300,1224.72,2002/7/11,NGVD 29
01003300,1224.64,2002/7/16,NGVD 29
01003300,1224.64,2002/7/17,NGVD 29
01003300,1224.56,2002/7/20,NGVD 29
01003300,1224.52,2002/7/25,NGVD 29
01003300,1224.50,2002/7/30,NGVD 29
01003300,1224.48,2002/8/2,NGVD 29
01003300,1224.44,2002/8/3,NGVD 29
01003300,1224.34,2002/8/10,NGVD 29
01003300,1224.38,2002/8/12,NGVD 29
01003300,1224.44,2002/8/18,NGVD 29
01003300,1224.42,2002/8/23,NGVD 29
01003300,1224.32,2002/9/1,NGVD 29
01003300,1224.34,2002/9/3,NGVD 29
01003300,1224.30,2002/9/10,NGVD 29
01003300,1224.22,2002/9/16,NGVD 29
01003300,1224.24,2002/9/19,NGVD 29
01003300,1224.24,2002/9/20,NGVD 29
01003300,1224.19,2003/5/1,NGVD 29
01003300,1224.19,2003/5/3,NGVD 29
01003300,1224.21,2003/5/6,NGVD 29
01003300,1224.21,2003/5/8,NGVD 29
01003300,1224.27,2003/5/10,NGVD 29
01003300,1224.28,2003/5/13,NGVD 29
01003300,1224.27,2003/5/17,NGVD 29
01003300,1224.29,2003/5/20,NGVD 29
01003300,1224.28,2003/5/23,NGVD 29
01003300,1224.25,2003/5/27,NGVD 29
01003300,1224.21,2003/6/1,NGVD 29
01003300,1224.19,2003/6/4,NGVD 29
01003300,1224.15,2003/6/8,NGVD 29
01003300,1224.13,2003/6/13,NGVD 29
01003300,1224.12,2003/6/16,NGVD 29
01003300,1224.11,2003/6/20,NGVD 29
01003300,1224.19,2003/6/24,NGVD 29
01003300,1224.27,2003/6/27,NGVD 29
01003300,1224.33,2003/6/30,NGVD 29
01003300,1224.35,2003/7/4,NGVD 29
01003300,1224.31,2003/7/8,NGVD 29
01003300,1224.41,2003/7/10,NGVD 29
01003300,1224.37,2003/7/15,NGVD 29
01003300,1224.31,2003/7/20,NGVD 29
01003300,1224.23,2003/7/26,NGVD 29
01003300,1224.19,2003/7/31,NGVD 29
01003300,1224.15,2003/8/6,NGVD 29
01003300,1224.09,2003/8/13,NGVD 29
01003300,1223.97,2003/8/21,NGVD 29
01003300,1223.91,2003/8/25,NGVD 29
01003300,1223.87,2003/9/1,NGVD 29
01003300,1223.81,2003/9/5,NGVD 29
01003300,1224.01,2003/9/12,NGVD 29
01003300,1223.97,2003/9/22,NGVD 29
01003300,1223.93,2003/9/26,NGVD 29
01003300,1223.89,2003/10/4,NGVD 29
01003300,1224.30,2004/5/1,NGVD 29
01003300,1224.23,2004/5/9,NGVD 29
01003300,1224.23,2004/5/11,NGVD 29
01003300,1224.25,2004/5/15,NGVD 29
01003300,1224.27,2004/5/21,NGVD 29
01003300,1224.23,2004/5/27,NGVD 29
01003300,1224.37,2004/6/1,NGVD 29
01003300,1224.43,2004/6/5,NGVD 29
01003300,1224.37,2004/6/13,NGVD 29
01003300,1224.27,2004/6/17,NGVD 29
01003300,1224.23,2004/6/22,NGVD 29
01003300,1224.17,2004/6/27,NGVD 29
01003300,1224.11,2004/7/6,NGVD 29
01003300,1224.17,2004/7/12,NGVD 29
01003300,1224.15,2004/7/18,NGVD 29
01003300,1224.19,2004/7/20,NGVD 29
01003300,1224.11,2004/7/23,NGVD 29
01003300,1224.07,2004/7/25,NGVD 29
01003300,1224.05,2004/7/30,NGVD 29
01003300,1224.05,2004/8/1,NGVD 29
01003300,1224.03,2004/8/8,NGVD 29
01003300,1224.07,2004/8/12,NGVD 29
01003300,1223.97,2004/8/20,NGVD 29
01003300,1223.99,2004/8/30,NGVD 29
01003300,1224.17,2004/9/6,NGVD 29
01003300,1224.13,2004/9/11,NGVD 29
01003300,1224.15,2004/9/14,NGVD 29
01003300,1224.21,2004/9/18,NGVD 29
01003300,1224.25,2004/9/22,NGVD 29
01003300,1224.23,2004/9/27,NGVD 29
01003300,1224.27,2004/10/1,NGVD 29
01003300,1224.25,2004/10/7,NGVD 29
01003300,1224.23,2004/10/10,NGVD 29
01003300,1224.61,2005/4/13,NGVD 29
01003300,1224.47,2005/4/30,NGVD 29
01003300,1224.41,2005/5/8,NGVD 29
01003300,1224.41,2005/5/11,NGVD 29
01003300,1224.43,2005/5/24,NGVD 29
01003300,1224.63,2005/5/28,NGVD 29
01003300,1224.63,2005/6/1,NGVD 29
01003300,1224.67,2005/6/8,NGVD 29
01003300,1224.69,2005/6/12,NGVD 29
01003300,1224.79,2005/6/14,NGVD 29
01003300,1224.81,2005/6/16,NGVD 29
01003300,1224.75,2005/6/20,NGVD 29
01003300,1224.69,2005/6/24,NGVD 29
01003300,1224.61,2005/6/27,NGVD 29
01003300,1224.63,2005/7/1,NGVD 29
01003300,1224.47,2005/7/10,NGVD 29
01003300,1224.41,2005/7/14,NGVD 29
01003300,1224.29,2005/7/20,NGVD 29
01003300,1224.21,2005/7/25,NGVD 29
01003300,1224.17,2005/8/1,NGVD 29
01003300,1224.07,2005/8/10,NGVD 29
01003300,1223.97,2005/8/16,NGVD 29
01003300,1223.89,2005/8/20,NGVD 29
01003300,1223.85,2005/8/28,NGVD 29
01003300,1223.77,2005/9/11,NGVD 29
01003300,1223.91,2005/9/13,NGVD 29
01003300,1223.85,2005/9/16,NGVD 29
01003300,1223.91,2005/9/19,NGVD 29
01003300,1223.91,2005/9/20,NGVD 29
01003300,1223.89,2005/9/28,NGVD 29
01003300,1223.87,2005/10/3,NGVD 29
01003300,1224.13,2005/10/6,NGVD 29
01003300,1224.17,2005/10/13,NGVD 29
01003300,1224.15,2005/10/20,NGVD 29
01003300,1224.13,2005/10/28,NGVD 29
01003300,1224.37,2006/4/22,NGVD 29
01003300,1224.39,2006/5/4,NGVD 29
01003300,1224.47,2006/5/15,NGVD 29
01003300,1224.47,2006/5/15,NGVD 29
01003300,1224.37,2006/5/26,NGVD 29
01003300,1224.30,2006/6/2,NGVD 29
01003300,1224.22,2006/6/7,NGVD 29
01003300,1224.12,2006/6/13,NGVD 29
01003300,1224.10,2006/6/19,NGVD 29
01003300,1224.02,2006/6/26,NGVD 29
01003300,1223.92,2006/7/4,NGVD 29
01003300,1223.82,2006/7/15,NGVD 29
01003300,1223.62,2006/7/24,NGVD 29
01003300,1223.82,2006/8/1,NGVD 29
01003300,1223.72,2006/8/8,NGVD 29
01003300,1223.66,2006/8/15,NGVD 29
01003300,1223.62,2006/8/26,NGVD 29
01003300,1223.58,2006/8/31,NGVD 29
01003300,1223.52,2006/9/4,NGVD 29
01003300,1223.48,2006/9/11,NGVD 29
01003300,1223.42,2006/9/15,NGVD 29
01003300,1223.34,2006/9/19,NGVD 29
01003300,1223.42,2006/10/7,NGVD 29
01003300,1223.42,2006/10/22,NGVD 29
01003300,1224.44,2007/5/1,NGVD 29
01003300,1224.32,2007/5/13,NGVD 29
01003300,1224.28,2007/5/21,NGVD 29
01003300,1224.00,2007/5/23,NGVD 29
01003300,1224.28,2007/5/30,NGVD 29
01003300,1224.30,2007/5/30,NGVD 29
01003300,1224.32,2007/6/9,NGVD 29
01003300,1224.28,2007/6/15,NGVD 29
01003300,1224.10,2007/6/20,NGVD 29
01003300,1223.98,2007/6/30,NGVD 29
01003300,1223.92,2007/7/6,NGVD 29
01003300,1223.82,2007/7/18,NGVD 29
01003300,1223.72,2007/8/1,NGVD 29
01003300,1223.58,2007/8/13,NGVD 29
01003300,1223.52,2007/8/19,NGVD 29
01003300,1223.46,2007/8/24,NGVD 29
01003300,1223.42,2007/8/27,NGVD 29
01003300,1223.52,2007/8/28,NGVD 29
01003300,1223.50,2007/8/31,NGVD 29
01003300,1223.44,2007/9/3,NGVD 29
01003300,1223.48,2007/9/8,NGVD 29
01003300,1223.34,2007/9/14,NGVD 29
01003300,1223.48,2007/9/22,NGVD 29
01003300,1223.52,2007/9/27,NGVD 29
01003300,1223.78,2007/10/9,NGVD 29
01003300,1223.80,2007/10/12,NGVD 29
01003300,1224.12,2007/10/21,NGVD 29
01003300,1224.89,2008/5/3,NGVD 29
01003300,1224.63,2008/5/20,NGVD 29
01003300,1224.63,2008/5/20,NGVD 29
01003300,1224.57,2008/6/2,NGVD 29
01003300,1224.67,2008/6/15,NGVD 29
01003300,1224.53,2008/6/23,NGVD 29
01003300,1224.63,2008/6/28,NGVD 29
01003300,1224.43,2008/7/7,NGVD 29
01003300,1224.51,2008/7/17,NGVD 29
01003300,1224.41,2008/7/31,NGVD 29
01003300,1224.29,2008/8/12,NGVD 29
01003300,1224.13,2008/8/21,NGVD 29
01003300,1224.03,2008/9/2,NGVD 29
01003300,1224.05,2008/9/28,NGVD 29
01003300,1224.13,2008/10/5,NGVD 29
01003300,1224.23,2008/10/11,NGVD 29
01003300,1224.23,2008/10/20,NGVD 29
01003300,1224.21,2008/10/22,NGVD 29
01003300,1224.50,2009/3/25,NGVD 29
01003300,1224.74,2009/4/24,NGVD 29
01003300,1224.79,2009/5/1,NGVD 29
01003300,1224.75,2009/5/6,NGVD 29
01003300,1224.70,2009/5/9,NGVD 29
01003300,1224.58,2009/5/16,NGVD 29
01003300,1224.44,2009/5/31,NGVD 29
01003300,1224.34,2009/6/1,NGVD 29
01003300,1224.24,2009/6/5,NGVD 29
01003300,1224.20,2009/6/19,NGVD 29
01003300,1224.12,2009/6/30,NGVD 29
01003300,1224.00,2009/7/10,NGVD 29
01003300,1224.12,2009/7/15,NGVD 29
01003300,1224.04,2009/7/18,NGVD 29
01003300,1224.12,2009/7/21,NGVD 29
01003300,1224.06,2009/7/21,NGVD 29
01003300,1224.18,2009/7/27,NGVD 29
01003300,1224.24,2009/8/3,NGVD 29
01003300,1224.16,2009/8/6,NGVD 29
01003300,1224.13,2009/8/11,NGVD 29
01003300,1224.10,2009/8/18,NGVD 29
01003300,1224.12,2009/8/23,NGVD 29
01003300,1224.10,2009/9/1,NGVD 29
01003300,1224.04,2009/9/10,NGVD 29
01003300,1224.00,2009/9/15,NGVD 29
01003300,1223.94,2009/9/23,NGVD 29
01003300,1223.88,2009/9/29,NGVD 29
01003300,1223.92,2009/10/13,NGVD 29
01003300,1224.04,2009/10/24,NGVD 29
01003300,1224.22,2010/4/11,NGVD 29
01003300,1224.10,2010/4/28,NGVD 29
01003300,1224.12,2010/5/3,NGVD 29
01003300,1224.22,2010/5/9,NGVD 29
01003300,1224.32,2010/5/16,NGVD 29
01003300,1224.12,2010/6/1,NGVD 29
01003300,1224.12,2010/6/19,NGVD 29
01003300,1224.20,2010/6/30,NGVD 29
01003300,1224.17,2010/7/8,NGVD 29
01003300,1224.12,2010/7/15,NGVD 29
01003300,1224.08,2010/7/31,NGVD 29
01003300,1224.06,2010/8/11,NGVD 29
01003300,1224.02,2010/8/12,NGVD 29
01003300,1224.26,2010/8/31,NGVD 29
01003300,1224.26,2010/9/8,NGVD 29
01003300,1224.28,2010/9/16,NGVD 29
01003300,1224.22,2010/10/2,NGVD 29
01003300,1224.20,2011/2/18,NGVD 29
01003300,1224.64,2011/5/4,NGVD 29
01003300,1224.64,2011/5/4,NGVD 29
01003300,1224.76,2011/5/18,NGVD 29
01003300,1224.66,2011/6/8,NGVD 29
01003300,1224.52,2011/6/16,NGVD 29
01003300,1224.66,2011/6/27,NGVD 29
01003300,1224.54,2011/7/6,NGVD 29
01003300,1224.42,2011/7/17,NGVD 29
01003300,1224.36,2011/7/27,NGVD 29
01003300,1224.40,2011/8/9,NGVD 29
01003300,1224.28,2011/8/25,NGVD 29
01003300,1224.18,2011/9/6,NGVD 29
01003300,1224.06,2011/9/13,NGVD 29
01003300,1224.00,2011/10/8,NGVD 29
01003300,1224.20,2012/3/31,NGVD 29
01003300,1224.14,2012/4/11,NGVD 29
01003300,1224.14,2012/4/11,NGVD 29
01003300,1224.40,2012/4/20,NGVD 29
01003300,1224.26,2012/5/15,NGVD 29
01003300,1224.36,2012/5/22,NGVD 29
01003300,1225.00,2012/5/30,NGVD 29
01003300,1224.80,2012/6/16,NGVD 29
01003300,1225.95,2012/6/21,NGVD 29
01003300,1225.95,2012/6/22,NGVD 29
01003300,1226.07,2012/6/26,NGVD 29
01003300,1225.95,2012/6/28,NGVD 29
01003300,1225.75,2012/7/5,NGVD 29
01003300,1225.65,2012/7/7,NGVD 29
01003300,1225.25,2012/7/15,NGVD 29
01003300,1224.75,2012/7/24,NGVD 29
01003300,1224.61,2012/8/3,NGVD 29
01003300,1224.35,2012/8/14,NGVD 29
01003300,1224.15,2012/8/24,NGVD 29
01003300,1224.03,2012/9/3,NGVD 29
01003300,1223.91,2012/9/15,NGVD 29
01003300,1223.75,2012/10/6,NGVD 29
01003300,1224.70,2013/5/11,NGVD 29
01003300,1224.67,2013/5/15,NGVD 29
01003300,1224.74,2013/5/25,NGVD 29
01003300,1224.80,2013/6/1,NGVD 29
01003300,1224.76,2013/6/8,NGVD 29
01003300,1224.66,2013/6/15,NGVD 29
01003300,1224.62,2013/6/17,NGVD 29
01003300,1224.60,2013/6/22,NGVD 29
01003300,1224.66,2013/6/29,NGVD 29
01003300,1224.50,2013/7/6,NGVD 29
01003300,1224.40,2013/7/15,NGVD 29
01003300,1224.22,2013/7/22,NGVD 29
01003300,1224.15,2013/7/28,NGVD 29
01003300,1224.08,2013/8/4,NGVD 29
01003300,1224.00,2013/8/11,NGVD 29
01003300,1223.92,2013/8/19,NGVD 29
01003300,1223.84,2013/8/25,NGVD 29
01003300,1223.98,2013/9/2,NGVD 29
01003300,1223.90,2013/9/9,NGVD 29
01003300,1223.92,2013/9/15,NGVD 29
01003300,1223.90,2013/9/25,NGVD 29
01003300,1223.84,2013/10/2,NGVD 29
01003300,1223.98,2013/10/7,NGVD 29
01003300,1223.94,2013/10/12,NGVD 29
01003300,1224.82,2014/5/7,NGVD 29
01003300,1224.82,2014/5/7,NGVD 29
01003300,1225.15,2014/5/14,NGVD 29
01003300,1225.01,2014/5/21,NGVD 29
01003300,1224.83,2014/5/28,NGVD 29
01003300,1224.95,2014/6/4,NGVD 29
01003300,1224.87,2014/6/13,NGVD 29
01003300,1224.87,2014/6/19,NGVD 29
01003300,1224.67,2014/7/1,NGVD 29
01003300,1224.57,2014/7/6,NGVD 29
01003300,1224.47,2014/7/13,NGVD 29
01003300,1224.37,2014/7/22,NGVD 29
01003300,1224.27,2014/7/31,NGVD 29
01003300,1224.19,2014/8/6,NGVD 29
01003300,1224.15,2014/8/16,NGVD 29
01003300,1224.49,2014/8/26,NGVD 29
01003300,1224.47,2014/9/3,NGVD 29
01003300,1224.43,2014/9/11,NGVD 29
01003300,1224.33,2014/9/24,NGVD 29
01003300,1224.23,2014/10/10,NGVD 29
01003300,1224.33,2015/4/18,NGVD 29
01003300,1224.33,2015/4/29,NGVD 29
01003300,1224.37,2015/4/29,NGVD 29
01003300,1224.37,2015/5/3,NGVD 29
01003300,1224.37,2015/5/9,NGVD 29
01003300,1224.45,2015/5/14,NGVD 29
01003300,1224.81,2015/5/21,NGVD 29
01003300,1224.93,2015/5/27,NGVD 29
01003300,1224.81,2015/6/4,NGVD 29
01003300,1224.71,2015/6/10,NGVD 29
01003300,1224.57,2015/6/17,NGVD 29
01003300,1224.51,2015/6/29,NGVD 29
01003300,1224.47,2015/7/6,NGVD 29
01003300,1224.41,2015/7/14,NGVD 29
01003300,1224.19,2015/7/30,NGVD 29
01003300,1224.37,2015/8/8,NGVD 29
01003300,1224.31,2015/8/16,NGVD 29
01003300,1224.31,2015/8/24,NGVD 29
01003300,1224.31,2015/9/1,NGVD 29
01003300,1224.51,2015/9/10,NGVD 29
01003300,1224.41,2015/9/18,NGVD 29
01003300,1224.47,2015/9/26,NGVD 29
01003300,1224.41,2015/10/5,NGVD 29
01003300,1224.59,2016/4/20,NGVD 29
01003300,1224.59,2016/4/20,NGVD 29
01003300,1224.85,2016/5/1,NGVD 29
01003300,1224.71,2016/5/7,NGVD 29
01003300,1224.59,2016/5/14,NGVD 29
01003300,1224.47,2016/5/21,NGVD 29
01003300,1224.39,2016/5/28,NGVD 29
01003300,1224.39,2016/6/5,NGVD 29
01003300,1224.29,2016/6/10,NGVD 29
01003300,1224.39,2016/6/18,NGVD 29
01003300,1224.49,2016/6/25,NGVD 29
01003300,1224.39,2016/7/2,NGVD 29
01003300,1224.57,2016/7/9,NGVD 29
01003300,1225.17,2016/7/16,NGVD 29
01003300,1225.05,2016/7/24,NGVD 29
01003300,1224.91,2016/7/30,NGVD 29
01003300,1224.79,2016/8/6,NGVD 29
01003300,1224.77,2016/8/13,NGVD 29
01003300,1224.61,2016/8/20,NGVD 29
01003300,1224.49,2016/8/27,NGVD 29
01003300,1224.39,2016/9/4,NGVD 29
01003300,1224.45,2016/9/10,NGVD 29
01003300,1224.47,2016/9/17,NGVD 29
01003300,1224.29,2016/10/1,NGVD 29
01003300,1224.29,2016/10/8,NGVD 29
01003300,1224.25,2016/10/15,NGVD 29
01003300,1224.25,2016/10/22,NGVD 29
01003300,1224.55,2017/4/19,NGVD 29
01003300,1224.59,2017/4/19,NGVD 29
01003300,1224.65,2017/4/26,NGVD 29
01003300,1224.79,2017/5/4,NGVD 29
01003300,1224.73,2017/5/9,NGVD 29
01003300,1224.67,2017/5/17,NGVD 29
01003300,1224.81,2017/5/23,NGVD 29
01003300,1224.75,2017/5/30,NGVD 29
01003300,1224.61,2017/6/6,NGVD 29
01003300,1224.49,2017/6/13,NGVD 29
01003300,1224.53,2017/6/20,NGVD 29
01003300,1224.47,2017/6/27,NGVD 29
01003300,1224.41,2017/7/4,NGVD 29
01003300,1224.37,2017/7/11,NGVD 29
01003300,1224.39,2017/7/18,NGVD 29
01003300,1224.31,2017/7/25,NGVD 29
01003300,1224.21,2017/8/1,NGVD 29
01003300,1224.27,2017/8/8,NGVD 29
01003300,1224.19,2017/8/15,NGVD 29
